PROVINCIA	POBLACIÓN
Ciudad Autónoma de Buenos Aires	2,890,151
Buenos Aires	15,625,084
Catamarca	367,828
Chaco	1,055,259
Chubut	509,108
Córdoba	3,308,876
Corrientes	992,595
Entre Ríos	1,235,994
Formosa	530,162
Jujuy	673,307
La Pampa	318,951
La Rioja	333,642
Mendoza	1,738,929
Misiones	1,101,593
Neuquén	551,266
Río Negro	638,645
Salta	1,214,441
San Juan	681,055
San Luis	432,310
Santa Cruz	273,964
Santa Fe	3,194,537
Santiago del Estero	874,006
Tierra del Fuego, Antártida e Islas del Atlántico Sur	127,205
Tucumán	1,448,188