PROVINCIA	POBLACIÓN	PESO
CABA	2890151	1
BUENOS AIRES	15625084	1
CATAMARCA	367828	10
CHACO	1055259	4
CHUBUT	509108	9
CORDOBA	3308876	1
CORRIENTES	992595	6
ENTRE RIOS	1235994	5
FORMOSA	530162	15
JUJUY	673307	9
LA PAMPA	318951	19
LA RIOJA	333642	20
MENDOZA	1738929	4
MISIONES	1101593	3
NEUQUEN	551266	8
RIO NEGRO	638645	7
SALTA	1214441	2
SAN JUAN	681055	20
SAN LUIS	432310	9
SANTA CRUZ	273964	10
SANTA FE	3194537	2
SANTIAGO DEL ESTERO	874006	30
TIERRA DEL FUEGO	127205	12
TUCUMAN	1448188	50