PROVINCIA	POBLACIÓN	PESO
CABA	2890151	1
BUENOS AIRES	15625084	1
CATAMARCA	367828	19
CHACO	1055259	8
CHUBUT	509108	14
CORDOBA	3308876	2
CORRIENTES	992595	11
ENTRE RIOS	1235994	10
FORMOSA	530162	21
JUJUY	673307	12
LA PAMPA	318951	16
LA RIOJA	333642	20
MENDOZA	1738929	4
MISIONES	1101593	5
NEUQUEN	551266	13
RIO NEGRO	638645	12
SALTA	1214441	6
SAN JUAN	681055	22
SAN LUIS	432310	15
SANTA CRUZ	273964	17
SANTA FE	3194537	3
SANTIAGO DEL ESTERO	874006	23
TIERRA DEL FUEGO	127205	18
TUCUMAN	1448188	24