PROVINCIA	POBLACIÓN	PESO
CABA	2890151	4
BUENOS AIRES	15625084	1
CATAMARCA	367828	60
CHACO	1055259	7
CHUBUT	509108	15
CORDOBA	3308876	3
CORRIENTES	992595	8
ENTRE RIOS	1235994	5
FORMOSA	530162	62
JUJUY	673307	10
LA PAMPA	318951	21
LA RIOJA	333642	55
MENDOZA	1738929	4
MISIONES	1101593	6
NEUQUEN	551266	12
RIO NEGRO	638645	10
SALTA	1214441	5
SAN JUAN	681055	76
SAN LUIS	432310	18
SANTA CRUZ	273964	21
SANTA FE	3194537	2
SANTIAGO DEL ESTERO	874006	78
TIERRA DEL FUEGO	127205	25
TUCUMAN	1448188	80