PROVINCIA	POBLACIÓN	PESO
CABA	2890151	2
BUENOS AIRES	15625084	1
CATAMARCA	367828	15
CHACO	1055259	6
CHUBUT	509108	13
CORDOBA	3308876	2
CORRIENTES	992595	8
ENTRE RIOS	1235994	7
FORMOSA	530162	30
JUJUY	673307	9
LA PAMPA	318951	19
LA RIOJA	333642	20
MENDOZA	1738929	4
MISIONES	1101593	5
NEUQUEN	551266	12
RIO NEGRO	638645	10
SALTA	1214441	4
SAN JUAN	681055	37
SAN LUIS	432310	16
SANTA CRUZ	273964	18
SANTA FE	3194537	3
SANTIAGO DEL ESTERO	874006	45
TIERRA DEL FUEGO	127205	22
TUCUMAN	1448188	50