PROVINCIA	POBLACIÓN	PESO
CABA	2890151	2
BUENOS AIRES	15625084	1
CATAMARCA	367828	29
CHACO	1055259	9
CHUBUT	509108	9
CORDOBA	3308876	2
CORRIENTES	992595	6
ENTRE RIOS	1235994	3
FORMOSA	530162	32
JUJUY	673307	10
LA PAMPA	318951	17
LA RIOJA	333642	25
MENDOZA	1738929	4
MISIONES	1101593	6
NEUQUEN	551266	8
RIO NEGRO	638645	7
SALTA	1214441	4
SAN JUAN	681055	41
SAN LUIS	432310	12
SANTA CRUZ	273964	17
SANTA FE	3194537	2
SANTIAGO DEL ESTERO	874006	40
TIERRA DEL FUEGO	127205	15
TUCUMAN	1448188	50