PROVINCIA	POBLACIÓN	PESO	GANADOR
CABA	2890151	1	1
BUENOS AIRES	15625084	1	1
CATAMARCA	367828	25	100
CHACO	1055259	4	1
CHUBUT	509108	4	1
CORDOBA	3308876	2	1
CORRIENTES	992595	8	1
ENTRE RIOS	1235994	9	1
FORMOSA	530162	35	100
JUJUY	673307	8	1
LA PAMPA	318951	4	1
LA RIOJA	333642	20	100
MENDOZA	1738929	2	1
MISIONES	1101593	3	1
NEUQUEN	551266	0	0
RIO NEGRO	638645	0	0
SALTA	1214441	6	1
SAN JUAN	681055	0	100
SAN LUIS	432310	13	0
SANTA CRUZ	273964	3	1
SANTA FE	3194537	2	1
SANTIAGO DEL ESTERO	874006	47	100
TIERRA DEL FUEGO	127205	16	1
TUCUMAN	1448188	50	100