PROVINCIA	POBLACIÓN	PESO
CABA	2890151	3
BUENOS AIRES	15625084	1
CATAMARCA	367828	50
CHACO	1055259	5
CHUBUT	509108	9
CORDOBA	3308876	2
CORRIENTES	992595	6
ENTRE RIOS	1235994	3
FORMOSA	530162	42
JUJUY	673307	10
LA PAMPA	318951	21
LA RIOJA	333642	35
MENDOZA	1738929	4
MISIONES	1101593	6
NEUQUEN	551266	12
RIO NEGRO	638645	10
SALTA	1214441	5
SAN JUAN	681055	58
SAN LUIS	432310	12
SANTA CRUZ	273964	19
SANTA FE	3194537	2
SANTIAGO DEL ESTERO	874006	64
TIERRA DEL FUEGO	127205	15
TUCUMAN	1448188	60