PROVINCIA	POBLACIÓN	PESO
CABA	2890151	1
BUENOS AIRES	15625084	1
CATAMARCA	367828	25
CHACO	1055259	4
CHUBUT	509108	7
CORDOBA	3308876	2
CORRIENTES	992595	11
ENTRE RIOS	1235994	10
FORMOSA	530162	35
JUJUY	673307	8
LA PAMPA	318951	9
LA RIOJA	333642	20
MENDOZA	1738929	4
MISIONES	1101593	3
NEUQUEN	551266	2
RIO NEGRO	638645	5
SALTA	1214441	6
SAN JUAN	681055	39
SAN LUIS	432310	13
SANTA CRUZ	273964	4
SANTA FE	3194537	2
SANTIAGO DEL ESTERO	874006	47
TIERRA DEL FUEGO	127205	16
TUCUMAN	1448188	50