PROVINCIA	POBLACIÓN	PESO
CABA	2890151	1
BUENOS AIRES	15625084	1
CATAMARCA	367828	25
CHACO	1055259	4
CHUBUT	509108	4
CORDOBA	3308876	2
CORRIENTES	992595	8
ENTRE RIOS	1235994	9
FORMOSA	530162	35
JUJUY	673307	8
LA PAMPA	318951	4
LA RIOJA	333642	20
MENDOZA	1738929	2
MISIONES	1101593	3
NEUQUEN	551266	0
RIO NEGRO	638645	0
SALTA	1214441	6
SAN JUAN	681055	0
SAN LUIS	432310	13
SANTA CRUZ	273964	3
SANTA FE	3194537	2
SANTIAGO DEL ESTERO	874006	47
TIERRA DEL FUEGO	127205	16
TUCUMAN	1448188	50