Provincia	Año 2021	Puntos	Peso
CABA	3.078.836	31	5
Buenos Aires	17.709.598	177	0
Catamarca	418.991,000	4	70
Chaco	1.216.247	12	17
Chubut	629.181,000	6	25
Córdoba	3.798.261	38	3
Corrientes	1.130.320	11	18
Entre Ríos	1.398.510	14	15
Formosa	610.019,000	6	74
Jujuy	779.212,000	8	20
La Pampa	361.394,000	4	31
La Rioja	398.648,000	4	70
Mendoza	2.010.363	20	8
Misiones	1.274.992	13	16
Neuquén	672.461	7	22
Río Negro	757.052	8	20
Salta	1.441.988	14	15
San Juan	789.489	8	86
San Luis	514.610	5	28
Santa Cruz	374.756	4	31
Santa Fe	3.563.390	36	4
Santiago del Estero	988.245	10	88
Tierra del Fuego. Antártida e Islas del Atlántico Sur	177.697	2	35
Tucumán	1.714.487	17	100