Provincia	Año 2021	Puntos	Peso	
CABA	3.078.836	31	5	#fffcaf
Buenos Aires	17.709.598	177	0	#fff600
Catamarca	418.991,000	4	70	#b9edf3
Chaco	1.216.247	12	17	#fffa80
Chubut	629.181,000	6	25	#fff94c
Cordoba	3.798.261	38	3	#fffcb4
Corrientes	1.130.320	11	18	#fffa80
Entre Rios	1.398.510	14	15	#fffb94
Formosa	610.019,000	6	74	#9ceaf3
Jujuy	779.212,000	8	20	#fffa76
La Pampa	361.394,000	4	31	#fff834
La Rioja	398.648,000	4	70	#b9edf3
Mendoza	2.010.363	20	8	#fffb9b
Misiones	1.274.992	13	16	#fffb94
Neuquen	672.461	7	22	#fffa6e
Rio Negro	757.052	8	20	#fffa76
Salta	1.441.988	14	15	#fffb94
San Juan	789.489	8	86	#7eebf8
San Luis	514.610	5	28	#fff94c
Santa Cruz	374.756	4	31	#fff834
Santa Fe	3.563.390	36	4	#fffcb4
Santiago del Estero	988.245	10	88	#5ce1f1
Tierra del Fuego	177.697	2	35	#fffdd2
Tucumán	1.714.487	17	100	#1ce2fa