PROVINCIA	JXC	FDT
Ciudad Autónoma de Buenos Aires	66%	34%
Buenos Aires	53%	47%
Catamarca	38%	62%
Chaco	55%	45%
Chubut	60%	40%
Córdoba	66%	34%
Corrientes	63%	37%
Entre Ríos	64%	36%
Formosa	37%	63%
Jujuy	62%	38%
La Pampa	56%	44%
La Rioja	31%	69%
Mendoza	74%	26%
Misiones	55%	45%
Neuquén	54%	46%
Río Negro	52%	48%
Salta	50%	50%
San Juan	47%	53%
San Luis	96%	4%
Santa Cruz	59%	41%
Santa Fe	58%	42%
Santiago del Estero	22%	78%
Tierra del Fuego. Antártida e Islas del Atlántico Sur	53%	47%
Tucumán	41%	59%