PROVINCIA	POBLACIÓN	PESO
CABA	2890151	56
BUENOS AIRES	15625084	50
CATAMARCA	367828	75
CHACO	1055259	60
CHUBUT	509108	68
CORDOBA	3308876	51
CORRIENTES	992595	69
ENTRE RIOS	1235994	64
FORMOSA	530162	78
JUJUY	673307	70
LA PAMPA	318951	73
LA RIOJA	333642	89
MENDOZA	1738929	54
MISIONES	1101593	66
NEUQUEN	551266	75
RIO NEGRO	638645	71
SALTA	1214441	59
SAN JUAN	681055	93
SAN LUIS	432310	72
SANTA CRUZ	273964	76
SANTA FE	3194537	52
SANTIAGO DEL ESTERO	874006	98
TIERRA DEL FUEGO	127205	78
TUCUMAN	1448188	100