PROVINCIA	POBLACIÓN	Peso
CABA	2890151	5
BUENOS AIRES	15625084	1
CATAMARCA	367828	70
CHACO	1055259	17
CHUBUT	509108	25
CORDOBA	3308876	3
CORRIENTES	992595	18
ENTRE RIOS	1235994	15
FORMOSA	530162	74
JUJUY	673307	20
LA PAMPA	318951	31
LA RIOJA	333642	70
MENDOZA	1738929	8
MISIONES	1101593	16
NEUQUEN	551266	22
RIO NEGRO	638645	20
SALTA	1214441	15
SAN JUAN	681055	86
SAN LUIS	432310	28
SANTA CRUZ	273964	31
SANTA FE	3194537	4
SANTIAGO DEL ESTERO	874006	88
TIERRA DEL FUEGO	127205	35
TUCUMAN	1448188	100