PROVINCIA	POBLACIÓN
Ciudad Autónoma de Buenos Aires	2890151
Buenos Aires	15625084
Catamarca	367828
Chaco	1055259
Chubut	509108
Córdoba	3308876
Corrientes	992595
Entre Ríos	1235994
Formosa	530162
Jujuy	673307
La Pampa	318951
La Rioja	333642
Mendoza	1738929
Misiones	1101593
Neuquén	551266
Río Negro	638645
Salta	1214441
San Juan	681055
San Luis	432310
Santa Cruz	273964
Santa Fe	3194537
Santiago del Estero	874006
Tierra del Fuego, Antártida e Islas del Atlántico Sur	127205
Tucumán	1448188