PROVINCIA	POBLACIÓN
Ciudad Autónoma de Buenos Aires	2,890,151.00
Buenos Aires	15,625,084.00
Catamarca	367,828.00
Chaco	1,055,259.00
Chubut	509,108.00
Córdoba	3,308,876.00
Corrientes	992,595.00
Entre Ríos	1,235,994.00
Formosa	530,162.00
Jujuy	673,307.00
La Pampa	318,951.00
La Rioja	333,642.00
Mendoza	1,738,929.00
Misiones	1,101,593.00
Neuquén	551,266.00
Río Negro	638,645.00
Salta	1,214,441.00
San Juan	681,055.00
San Luis	432,310.00
Santa Cruz	273,964.00
Santa Fe	3,194,537.00
Santiago del Estero	874,006.00
Tierra del Fuego, Antártida e Islas del Atlántico Sur	127,205.00
Tucumán	1,448,188.00