PROVINCIA,JXC,FDT
Ciudad Autónoma de Buenos Aires,0.66,0.34
Buenos Aires,0.53,0.47
Catamarca,0.38,0.62
Chaco,0.55,0.45
Chubut,0.60,0.40
Córdoba,0.66,0.34
Corrientes,0.63,0.37
Entre Ríos,0.64,0.36
Formosa,0.37,0.63
Jujuy,0.62,0.38
La Pampa,0.56,0.44
La Rioja,0.31,0.69
Mendoza,0.74,0.26
Misiones,0.55,0.45
Neuquén,0.54,0.46
Río Negro,0.52,0.48
Salta,0.49,0.51
San Juan,0.47,0.53
San Luis,0.96,0.04
Santa Cruz,0.59,0.41
Santa Fe,0.58,0.42
Santiago del Estero,0.22,0.78
Tierra del Fuego. Antártida e Islas del Atlántico Sur,0.53,0.47
Tucumán,0.41,0.59