Provincia	Partido	Cantidad
Ciudad Autónoma de Buenos Aires	JxC	841205
Ciudad Autónoma de Buenos Aires	FdT	430467
Buenos Aires	JxC	3149989
Buenos Aires	FdT	2789022
Catamarca	JxC	54919
Catamarca	FdT	90555
Chaco	JxC	247466
Chaco	FdT	199984
Chubut	JxC	107842
Chubut	FdT	72123
Córdoba	JxC	864380
Córdoba	FdT	446545
Corrientes	JxC	329354
Corrientes	FdT	190966
Entre Ríos	JxC	398655
Entre Ríos	FdT	227242
Formosa	JxC	90083
Formosa	FdT	150154
Jujuy	JxC	162490
Jujuy	FdT	99134
	JxC	93386
La Pampa	FdT	73328
	JxC	40714
La Rioja	FdT	91855
	JxC	424671
Mendoza	FdT	91855
		148614
Misiones	JxC	243295
Misiones	FdT	197494
Neuquén	JxC	66687
Neuquén	FdT	56747
Río Negro	JxC	95443
Río Negro	FdT	88224
Salta	JxC	170156
Salta	FdT	172550
San Juan	JxC	142781
San Juan	FdT	160103
San Luis	JxC	118774
San Luis	FdT	5166
Santa Cruz	JxC	58504
Santa Cruz	FdT	40111
Santa Fe	JxC	664917
Santa Fe	FdT	482872
Santiago del Estero	JxC	81201
Santiago del Estero	FdT	289204
Tierra del Fuego. Antártida e Islas del Atlántico Sur	JxC	33562
Tierra del Fuego. Antártida e Islas del Atlántico Sur	FdT	30343
Tucumán	JxC	336567
Tucumán	FdT	479786